,0,1,2,3,4,5,6,7,8,9,10,11,12,13,14,15,16,17,18,19,20,21,22,23,24,25,26,27,28,29,30,31,32,33,34,35,36,37,38,39,40,41,42,43,44,45,46,47,48,49,50,51,52,53,54,55,56,57,58,59,60,61,62,63,64,65,66,67,68,69,70,71,72,73,74,75,76,77,78,79,80,81,82,83,84,85,86,87,88,89,90,91,92,93,94,95,96,97,98,99,100,101,102,103,104,105,106,107,108,109,110,111,112,113,114
0,it is not hot enough,is there possibiity to make a coffe from the bed without standing out form the bed i mean do i have to stand up to attach container with the milk from fridge to the primadonna coffee maker,how heavy is this,delonghi primadonna soul or siemens eq9 s700 which is better,doe the coffee come out hot at what temperature,is this available in north america,did you find out thanks,great video lot is of hand on a nice to have wish would be a bit better audio lapel mic when you are doing the testing,i see some mention jura terrority when it come to price i will actually change my jura e8 for this the jura i got make really bitter coffe tried everything of setting cleaning and different bean,it just need to add some sugar and stir,just started watching when you filled tank with water do you not put the white water conditioner thing in,is an ceramic grinder in this maschine,do not use granulat nobody use that with a coffee machine use always roasted bean and get much higher result,doe it not have option to manually heat or froth milk,yes it doe,got one today absolutely brilliant your demo is a great help,glad to hear enjoy,got one,great review thx would you please tell me the difference between soul and prima donna 650 75 coz i want to buy one,very good,so how do you maintain amp clean it what are the consumable part,can you integrate the app with alexa siri or hey google,how hot is a latte luke warm or proper hot,kailem jones just to let you know i just got this machine and with the coffee temperature set to max the milk drink are nice and hot it is a fantastic machine,yes i would also like to know how hot the milk get previous delonghi machine the milk always come out lukewarm,is the coffee is and the hot water for tea nice and hot,most machine make warm but not hot doe this one make it hot,the maxiumun whit water is only fo whit descaleing not for actully prepering the coffe itself,after finishing this video he stayed awake for 3 day,,,i have one of these and they are really that good yes rich coffee taste but if you are someone who pay for a cappuccino espresso etc at a cafe on the way to work because you need that hit of java then you will pay off the investment pretty quickly i personally have 2 coffee in a travel mug each morning and with a wife and 18yo daughter and 19yo son who live at home while going to university who all drink coffee i find this machine make wonderful coffee with good quality fresh whole bean and financial sense to boot ymmv but i love,very expensive,the cup holder is not heated,what is different between soul and 650 75,i really need the answer,brilliant review,so can you store bean inside the machine or no and what type of milk do you use uht so it doesnt go off,yes tip a pack of bean into the hopper and the lid seal them in you can use skimmed or semi skimmed milk but you need to store the milk container in the fridge when not in use,no more nescafe instant from now on,got ta say i like it but not the price i could do without all the extra do they have a more stripped down version affordable,you should check out the dinamica plus of delonghi,seth offered for sale,holy crao you seen the price of this crazy,,,very impressive stuff,same price a the famous nuova simonelli oscar coffee machine no thanks,always something new from you chigz thank you for the excellent detailed review bravo,thanks,una de esa yo necesito eso hace hasta cerveza jejejejeje saludos desde dominicana la bella,great review,good review would also have been useful to cover how easy or difficult it is to keep the machine clean the pricing on this device is pretty toppy for gbp1 200 you are into jura territory and all this smartphone malarkey is 90percent useless you just want a machine that is reliable make good coffee and is easy to keep clean,i have got their previous unit which is far bigger easy a to clean just bought this one for work and i would imagine it would be the same a very similar design,i have got this machine had it around 5 month now app little fiddly no need for it except customising your size of drink for different cup travel cup etc easy to keep clean tho used a couple of water filter so far and descaled once use it every day for 2 3 bean to cup,agree keep a coffee machine simple focus on making good coffee would love to see a review on jura machine but would totally understand since this is a tech not coffee channel,machine ha self cleaning feature it let you know on the screen when you need to press the clean button,awesome review chigz,great detailed review nice slurping too,taste taste and taste very nice machne but expensive buuuuu,wow thats a serious machine over gbp1k though rich coffee taste no pun intended,by the time this ha made my coffee i will be late for work,work from home dude make your coffee even after work start,lol i watched because of you but i would buy something else with 1200 euro im going to the coffee shop,sage barista express is much better and half the price,did you ever calculate how many time you can go to the coffee shop before this machine actually becomes a much cheaper option granted it doe not match the perfect espresso and cappucinos you can get at some coffeeshops but it doe get very close indeed,thanks for watching,look awsome although you can not beat going to a coffee shop thanks chigz,gbp1200 lol my tassimo is quicker than this and make great coffee at a fraction of the price gbp30 50,tassimo coffee is rubbish,pod machine are like printer they are cheap to buy but the pod ink cartridge is where they make their money plus you are stuck with the limited range of cartridge available for your machine,i have a tassimo too but this machine is on another level you can taste the difference in freshness bean to cup is basically like having costa at home if you drink a lot of coffee like myself then the tassimo pod can add up thanks for watching mate,nice but i want to go out to the coffee shop,you and me both but this machine still rock,,,,,,,,,,,,,,,,,,,,,,,,,,,,,,,,,,,,,,,,,
1,everything i hoped it would be i love the simplicity of this keurig mybest kitchen i have had the old school original keurig for forever i decided to upgrade to button lol same great quality without having to measure your water this keurig doe all the thinking for you i also love not having to put water into the machine every time i want to use it simple and perfect,lovin this so far,great machine i recommended to everybody easy to make good coffee from puerto rico thank de longhi j cruz,k,can i connect to my smartphone by bluetooth or wi fi,how do you get a free one to do demo in exchange for positive rating,really,i just got one today and can not get the crema i want from an espresso actually my nespresso machine doe a better job at it i have tried adjusting the grinder the water temp nothing just a thin layer of crema that dissolve very quicly i am so disapointed what am i doing wrong i am using mauro premium coffee bean,your nespresso doe not use milk,i agree mine is the same,i bought this donkey had 2 for 3 year and several repair do not but it great coffee with a big headache they have wrote off the 1st and now 2nd one need i say more id buy a jura but i can not a they are giving me another there latest prema elite here hopeing it last a while,did the new one last long,i like that,that coffee machine is a beauty my wife brought me a delonghi machine for xmas but it is pretty basic compared to this one so i will not dare ask for one of these yet lol anyway wa wondering how you make the coffee stronger have the strength up to max but wondering if i need to fiddle around with that wheel thing where the bean go ha the number from 1 to 7 is 7 the strongest setting,hello there i want to ask where i can find the water sprout of the machine it written there insert water sprout,where are we meant to get the chocolate from i have tried using normal chocolate mix but it come out just like cocoa added to milk nothing special not thick buying from delonghi is waaay too expensive,hi just purchased the 6900 having great problem getting the drink that invole adding milk hot i have turned the temp up to max but whenever i ad milk the drink is flat cold any suggestion,read the manual,hi 357dld if the milk in your hot drink is coming out cold then it could be that there is a fault with your machine have you read through the manual and ensured all your accessory are correctly connected remember you are covered by a warranty if you recently purchased your coffee machine if you bought through u here at appliance online let u know so we can get our customer care team to help you out,,,,,,,,,,,,,,,,,,,,,,,,,,,,,,,,,,,,,,,,,,,,,,,,,,,,,,,,,,,,,,,,,,,,,,,,,,,,,,,,,,,,,,,,,,,,,,,,
2,,,,,,,,,,,,,,,,,,,,,,,,,,,,,,,,,,,,,,,,,,,,,,,,,,,,,,,,,,,,,,,,,,,,,,,,,,,,,,,,,,,,,,,,,,,,,,,,,,,,,,,,,,,,,,,,,,,
3,what i liked about this model is that it doe not have an onboard clock mybest kitchen i live in my rv where the 120v go off and on often a i move around so it wa impossible to set the clock therefore it came on or went off at odd time this one doe not have the temperature setting either so it is a little hotter than i wa used to i drink 5 6 cup of coffee a day caf and decaf different flavor a reliable k cup machine is perfect for me and my lifestyle,mine is dumping a lot of coffee ground,like for the video but i want to add important thing not covered in the video after using the cappuccinator wipe the ringlet on the connecting nipple with a damp cloth if this is not done they wear out very quickly and the cappuccinator start spitting milk further at least every six month to disassemble the brewing unit it is simple to wash out the remnant of the old grease lubricate the ring and apply fresh food grease if you do not do this sooner or later you can get a tidy sum when repairing the gearbox of the charger true for all machine of the delonghi esam etam family and in conclusion this model ha a not very reliable display which cost a lot of money so this is it main disadvantage and so in general a great machine,doe it have a cup of coffee count,milk steamer produce only warm coffee,,,,,,,,,,,,,,,,,,,,,,,,,,,,,,,,,,,,,,,,,,,,,,,,,,,,,,,,,,,,,,,,,,,,,,,,,,,,,,,,,,,,,,,,,,,,,,,,,,,,,,,,,,,,,,
4,thank you great presentation,thank you i bought one such but did not know how to use now i know,she is awesome,love watching you gail you are the greatest you have said the frothed milk is hot we like hot frothed milk so think this would suit thanks gail,hi gail have you tested used the delonghi ecam510 55 bean to cup please,every coffee machine that catch my eye on the web you have a review for it you are the girl,hi your video are awesome i am in the market for a new machine i am between the prima donna and the gaggia babila i know they are different in dollardollar but what do you recommend between the two,i repair a lot of delonghi machine and this model is one i see a lot of it got a design issue with the stwam kine and the milk issue are endless i like the earlier delinghis but this one i do not rate i say steam your oen milk it not that hard,hi which machine would you recommend,question i got a prima dona s de luxe and we have the latte cappuccino and macchiato s what is the diferente because they look the same to me and i can figure it out how to to hot water for tea and what would be the best setting for the grinder what is number thank you,hi a i know latte and cappuccino is the same cappuccino is more foamy one and both are the same in term of the technique first espresso and then milk and again a far a i know doing macchiato is the exact opposite first foamy milk and then espresso but this machine is filling the milk first in all three i think something is wrong i do not have any idea what the other machine do if someone know i would be happy to enlightens u,france mcdormand review coffee machine,why doe your website not load,state of the art,hi i have download the user manual from delonghi is site seems this machine do not make espresso macchiato automatically like the eletta cappuccio top 45 760 is true or just is an error in the user manual,thank you very much very helpful i will take a look for a good grinder i wa looking at the delongi dedica ec860 that i have seen at 300dollar but i am wondering if it is a good choice because compare to the breville duo temp the filter for the ec860 is pressurized,thank you very much,right the dedica like almost all the budget machine only ha the pressurized portafilter which can make a decent shot and is very forgiving if your grind or tamp is off but is limiting a you develop your skill the option of a non pressurized basket give more room to grow and achieve even better shot,hello gail i had a breville cafe rom and it wa sometimes difficult to find the good gtind of coffee but it wa well rated i want to buy another one for good latte my budget is around 200dollar and max 300dollar which one would you recommend for good crema and good frotty sorry for my poor english thnak you in advance,in that price range you will likely get similar result to the cafe rom but a couple machine we can recommend are the delonghi dedica or for a bit more the breville duo temp pro with the duo temp you get the option of using a traditional steam wand and a non pressurized portafilter both of which will give you more control of your shot and your frothing also worth considering is what grinder you are using we generally recommend investing more in a good grinder than a machine a it will make the most difference in term of taste hope that help here is a few more of our top budget pick,i know jura will not sell part to anyone other then themselves for repair doe delonghi sell you guy part for repair,seattle coffee gear these machine are great i found mine on the side of the road ready to get crushed but i saved it thankfully just got a infuser for because the other one involved human error and broke the machine is fine how much doe this machine cost,yes we do get part from delonghi for repair,what take it to that price tag v 1500 machine and stand out feature,what happened to good morning with gail on sunday loved that,i can watch gail any day of the week i just love her,sad daily content is gone wa the best part of my morning,gail you my main homegirl,,,,,,,,,,,,,,,,,,,,,,,,,,,,,,,,,,,,,,,,,,,,,,,,,,,,,,,,,,,,,,,,,,,,,,,,,,,,,,,,,,,,,,,
5,die appsteuerung ist eine tolle sache f r die menschen mit see beeintr chtigung die smartphones k nnen ihn alle men punkte vorlesen ber hrungsempfindliche bildschirme sind nicht mit taktieren pumpen versehen vor allen dingen ist e schwieriger diese bildschirm mit tag team punkten zu versehen wenn man auf dem bildschirm die men punkte verschieben kann weil e mehrere bildschirmseiten vorhanden sind,super von ihnen sehe die video immer wenn ich ihr gesicht sehe bravo,ich finde die lautst rke beim mahlen ist egal wenn da ergebnis stimmt,eure deine video sind schon sehr informativ ich kann sie aber oft nicht bi zum ende gucken da mich diese hm is oft nach jeden dritten wort richtig nerven z hle sie einfach mal nur so zum spa da ist eine f r furchtbare angewohnheit trotzdem danke f r die video,super video,ich habe gerade die prima donna elite experience ecam 656 85ms f r 590euros gesehen ist da ein gutes angebot und ist der kauf empfehlenswert oder eher nicht,sehr informatives video hab mir heute den prima donna ecam 550 65 in wei bestellt der war bei amazon f r 450 euro im angebot,chez frank nach wie vielen tagen ist e denn bei dir verschwunden und wa hattest du f r einen bestellstatus ich habe letzte woche mittwoch bestellt und seit tagen steht dort das der versand vorbereitet wird ich wei auch nicht,chez frank ja ich habe den vollautomaten f r 480euros bestellt sollte heute eigentlich ankommen aber ich habe von amazon die nachricht gekriegt das der verk ufer den versand noch nicht best tigt hat geld wurde auch nicht abgebucht,wie lang hat e gedauert bi sie ankam habe mir vor kurzem die selbe bestellt,welche prima donna hast du da getestet,550 85,hallo kannst du mir vielleicht sagen welche unterschied gibt e zwischen die prima donna class und prima donna elite gibt sch ne gr e sofia,hallo so eine frage ich bin zwischen dem und dem jura e8 oder wie er hei t am berlegen kannst du da ein tipp geben,hallo ich habe leider nicht raus gefunden wa die unterschiede zwischen der so genannten vorg nger modell und version 2 0 siehe amazon ist k nnte man mich da eventuell jemand weiter helfen grus,hallo trinke viel kaffee welche maschine w rdet ihr mir empfehlen die siemens oder die de longhi lg,da ger t gab e letzte woche bei saturn f r 726 50 euro ich idiot hab leider nicht zugegriffen gutes video brigens,top besser al julian,f r da geschmack ist er zu kurz wa gesagt hat,super video danke ich m chte mir diesen automaten kaufen ich habe ihn g nstig gefunden in der produktbezeichnung hei t er aber class evo ecam 550 65 sb wisst ihr wof r da evo steht vielen dank,tolles video ich habe gerade 3 maschinen in der engeren auswahl einmal die 2 hier im video vorkommenden delonghi primadonna class und die siemens eq6 s700 zu tzlich noch die neue philip 5400 lattego zu welcher w rdet ihr eher raten lg dulli,nutze seit 3 jahren eq6 700 ist nen gutes ger t doch der wasserverbrauch und verschmutzung der br hgruppe ist enorm die kaffeesatzpads sind matschig und irre na meine freundin hat eine delonghi sehr wenig verschmutzung wenig wasserverbrauch und sehr einfach zu reinigende br hgruppe geh aam besten in einen laden und schau dir die gruppen an du siehst gleich den unterschied,danke f r da informative video wir stehen gerade vor der entscheidung zwischen diesem sch tzchen und der jura e8,und wie hast du dich entschieden bin auch grad am schauen,klasse test,moin wo liegt der unterschied zwischen dieser class und der class evo und der class 556 55 und der 550 65 und 550 85 sind alle silber aber habe gesehen da am milsch umer bei der 550 65 nicht rund ist und bei der 550 85 schon im vergleich auf der delonghi seite stand da die 550 65 kein iff hat also dann ja nicht da patentierte latte crema system wa stimmt denn nun brigens sind die 550 65 gerade haupts chlich im internet zu finden im delonghi vergleich stand dann auch da kein tonsignal vorhanden ist sind evtl abgespeckte versionen auf dem markt blick da nicht mehr durch,welche w re denn jetzt zu empfehlen die siemens oder die delonghi,eure video sind sehr gut ich habe eine frage die app funktioniert die auch mit apple oder auch nur mit android herzlichen dank liebe gr e,ich habe die neuere version der class heute bekommen und mir ist aufgefallen das die puck bei mir zerfallen und der auffangbeh lter etwas matschig ist den mahlgrad habe ich bei mir ebenfalls auf 1 5 stehen hast du eine vermutung woran da liegen kann,hallo danke f r die tolle vorstellung der maschiene e ist normal da beim ein ausschalten sp lvorgang eine kleine menge wasser ca 1 2 kleine ma l ffel im tresterbeh lter landen ich freue mich auf eine zeitnah antwort maschiene ist primadonna class ecam 550 65 m vielen dank im voraus,hallo kann man mit diesen ger te auch 6 tassen kaffeekannen funktion mit einmal machen,bei einer 1000 euro maschine kein kaffepulver verwenden und die funktion und andere h lfte der mechanik von ganzem ger t nicht empfehlen in der probezeit al praktikant fliektse au jeder firma in allen berufen die e gibt,wei t jemand wa er sagen will,wat,die maschine ist nen euro wert,ich bin hin und her gerissen zwischen de longhi prima donna class 550 85 und der jura e8 wa denkt ihr,und ehmmmm ich krieg die krise aber trotzdem danke f r video,hallo ich m chte mir einen kaffeevollautomaten zulegen und finde die funktionen der delonghi dinamica plus oder auch delonghi primadonna elite sehr ansprechend allerdings verstehe ich nicht so recht wie sich die maschinen unterscheiden insb die primadonna elite familie elite v exklusiv ist sehr diver unterscheidet sich aber im preis kannst du mir helfen mir ist wichtig da gute milchschaumsystem kannenfunktion app steuerung leichte reinigung vielen dank f r deinen tipp j rg,kann mich zwischen dem und dem prima donna evo s nicht entscheiden kannst du mir bitte weiterhelfen,hab die class statt evo s heute gekauft 80euros differenz f r bessere optik und neueres design,hab die maschine seit heute sie hat unsere melitta caffeo ci abgel st welche 4x in 3 jahren defekt war reinigung und bedienung waren bei der melitta viel einfacher und praktischer sp lt alle ausl ufe auf einmal die de longhi ist besser ausgestattet und hat einen gr eren tank die app funktioniert bei mir auf dem ipad oft nutzen werde ich sie allerdings nicht lautst rke w rde ich al leise bewerten den geschmack de kaffees al gut die milchergebnisse al normal 3 5percent der passive tassenw rmer wird bei mir nur lauwarm die tassenbeleuchtung finde ich toll w re sch n wenn solche ausstattungsdetails auch hier angesprochen und nicht nur zuf llig entdeckt werden fazit gute maschine mit umst ndlicher milchbedienung drehschalter reinigung und justierung der d se p kaffee und milchmixgetr nke werden auch ausreichend hei betreibe sie in der einstellung hoch,hallo coffeeness vielen dank f r deinen beitrag denn dadurch haben wir un f r die primadonna class ecam 556 55 sm entschieden die maschine ist jeden cent wert die individuellen einstellungen sind klasse madame trinkt gerne etwas milder ich wiederum st rker die men f hrung ist eigentlich selbsterkl rend wa mir anf nglich etwas schwer fiel die einstellung de benutzers und jetzt f r alle zuerst mus man im hauptmen den benutzer w hlen dann in den einstellungen die parameter de zuvor gew hlten benutzers ndern h tte ich mir auch anders gew nscht aber wenn man e mal wei l ufts die milchbeigabe ist da beste wa ich bisher gesehen hab vor allem die reinigung ist super einfach alle teile sind schnell zerlegt und gesp lt wir sind so gl cklich damit vielen dank f r da video hat sehr geholfen alles gute und bleibt gesund,kann mir jemand sagen ob da stimmt da delonghi kein direktes reinigungsprogramm mit tabletten hat wie andere hei t e kommt keine reinigung durch da system,braucht man eh nicht ist nur geldmacherei einfach br hgruppe entnehmen und mit wasser reinigen,welche von den 2 ist die bessere,hallo kann man die uhrzeit voreinstellen da e morgen ab ne bestimmte uhrzeit schon kaffe macht,die app coffee link st rzt bei mir nach eingabe der pin die ja auf dem ger t angezeigt wird sofort ohne fehlermeldung ab android 9 ganz schlecht die bewertungen im play store sprechen auch f r sich,ja leider die app ist ein graus spielerei samsung s7 hat da ger t gefunden und auch verbunden samsung s9 keine chance deinstalliert braucht kein mensch,da fach f r gemahlenen kaffee macht schon auch sinn f r andere sorten kaffee zwischendurch bei bspw will die frau nachmittags sonst zu schlaflos nur noch koffeinfreien kaffee nachmittags daf r w re da super und spart extra heisswasserkocher und french press daf r oder eine senseo usw,und die reinigung genau dy war doch der kritikpunkt,mal ehrlich w rde einen italienischen kaffeeautomaten immer anderen vorziehen wenn die italiener wa k nnen dann ist da kaffee machen,eine frage bekomme dir maschine ber ein strom vertrag finde die maschine al m sb und w haben die buchstaben eine bedeutung in meinen lieferschein online steht nur de longhi kaffeevollautomat ecam 556 55 primadonna class silber,dein beitrag ist schon etwas her aber ich versuch mich mal trotzdem m ist silber w ist wei sb m sste schwarz sein mfg,einfach mal einen riesen dank f r deinen content echt super,vielen dank sch nen 2 advent,delonghie hat genau zwei vorteile 1 super feiner mahlgrad 2 beste g nstige maschine ecam sonst wa ihr wisst schon welche ich meine hat arne zur gen ge getestet aber reinigen ist egal bei wa eine katastrophe milchbeh lter finde ich generell total unpraktisch halbe br hgruppe fest im ger t verbaut egal welcher preis immer gleich verwendung von entfettenden tabletten nur schwer bi unm glich bei miele ist der mahlgrad nicht ganz so fein aber da ist alles andere extrem solide und durchdacht die reinigungsprogramme sind einsame spitze,top gibt e auch ein video von der evo s,danke f r da tolle video zwar ist die primadonna ein super ger t aber schon mal deutlich gezeigt welches mahlwerk leiser ist daumen hoch,liegt da am keramikmahlwerk oder der isolation,deine testberichtvideos sind super k nntest du mir sagen woher du da viereckige espressoglas hast,ist der besser al ein siebtr ger z b den sage the oracle,ein vollautomat ist nie besser al ein siebtr ger zumindest wa kaffeequalit t angeht,ist diese kaffeemaschine eher zu empfehlen al diese hier melitta kaffeevollautomat melitta caffeo barista t smart f85 0 101,julia w er fand aber die primadonna besser ich auch hab sie selbst,dankesch n ich habe mich nun f r die melitta entschieden bin bi jetzt zufrieden,ich pers nlich finde sie besser aber e sind beides gute ger te,beste maschinen for ever ever delonghi alleine schon die br hgruppe die presst ordentlich den kaffee auch von allen herstellern,wa pressen angeht stimme ihnen absolut zu ich habe ein siemens eq 6 und au bekannten kreis einer delonghi und man sieht den unterschied deutlich siemens eq 6 ist der gepresster kaffe noch sch n das 19 0 bar druck nicht bemerkbar delonghi der gepresster kaffe fast trocken wie e sein sollte,nana saeco ist auch nicht ohne gr ssle,auf jeden fall delonghi for ever beste verarbeitung und br hgruppe bei der siemens ist nach 3bez gen innen alles verdreckt und nur matsch im strester delonghi primadonna elite,freut mich wenn du zufrieden bist,gibt e eig eine m glichkeit den tassenw rmer zu deaktivieren bei meiner alten delonghi ging da aber ich kann nichts in den einstellungen finde lg,energiesparmodus aktivieren,natalia bonelli genau die wie im video von delonghi,micha na im men welche maschine hast du genau,jayda smith und wie,ja kann man,du hattest erw hnt da man reinigungstabletten im pulverschacht verwenden kann jedoch nicht bei delonghi da ist auch der grund warum ich mir niemals eine delonghi kaufen w rde kaffee schmeckt schnell ranzig ich bleib bei meiner siemens eq9 gibt nix besseres sost find ich die delonghi sehr ansprechend,heute bekommen und wie gewohnt delonghi bin sehr zufrieden und hoffe nun da sie lange h lt meine letzte hat dann am ende nicht mehr so guten schaum erzeugt lg und top eure video,freut mich sehr vielen dank,wann kommt denn der test dazu im vergleich,mir ist aufgefallen da du in keinem video erw hnst ob und wie man da mahlwerk von diesen ganzen vollautomaten reinigen kann da e dort sicher auch nach einer gewissen zeit ranzig werden kann oder nicht,danke f r den hinweis dazu werde ich ein video machen,,tolles video mal wieder sehr sch ne ger t,vielen dank,na toll wollte mir den melitta caffeo barista t f731 101 kaffeevollautomat g nnen jetzt bin ich verliebt in die delonghi primadonna jetzt kann ich mich wieder nicht entscheiden und kaufe wieder gar keine d,bitte ein testvideo d,cyber kirsche die neuste version von dem habe ich auch gerade bekommen,machst du nur noch alleine video e fehlt wa wenn der andere nicht dabei ist,msm da werde ich dem anderen sagen mauricio war hinter der kamera,wie macht man denn den schlauch von der milch sauber,marco eberhardt einfach abziehen und durchsp len,ich hab die delonghi primadonna mit etwas mehr edelstahl und wasserfilter ich bin hochgradig zufrieden die appsteuerung funktioniert auch mit mehr al 2m abstand da problem da ger t heizt vor und pumpt dann heisses wasser man mus also trotz appsteuerung aufstehen und ein glas tasse unterstellen,captain picards replokator f r kaffee oder tee wurde noch nicht erfunden,,lonley29 ja und du musst den kaffee selbst trinken danke f r den kommentar,danke jetzt habe ich voll lust auf einen espresso bekommen xd,kaffeeflix sehr gut,super gutes video bin eigentlich f r den privatgebrauch kein gro er vollautomaten fan wegen der reinigung aber der kaffee au dem vollautomaten schmeckt wegen dem hohen druck sehr gut wie viel baar haben die vollautomaten f r espresso braucht man ja etwa 9 12 baar dr ck,okay danke f r die info,kaffeeflix also die geben den druck mit 19bar an da ist aber praktisch egal weil so hoher druck nicht aufgebaut wird e sind sicher nur 4 5 bar oder weniger,ganz sch n teuer ich bleib bei siemens eq 6,vaiva r same here primadonna class hat bei mir gegen die eq 6 obsiegt,trotz gr sseres preises habe mich doch f r die primadonna entschieden und e noch nicht bereut hab meine bei den kumpeln gekauft tolle preise und kundenberatung,viktor keller viel spa mit dem eq6,bei so vielen tollen video hat man die qual der wahl hatte mich eigentlich schon auf den miele cm 6350 eingestellt dem du al einzigstes 5 sterne gegeben hast k nntest du den delonghi primadonna und den miele cm 6350 miteinander vergleichen welcher macht den besten espresso und milchschaum danke dir schon mal im voraus f r deine antwort,den besten milchschaum macht die delongi die jura geht die siemens macht dur warme milch,interessant w re e wenn du alle ger te miteinander vergleichst die deiner meinung nach den besten espresso gemacht haben und darauf mehr eingehst weil da aussehen in meinen augen zweitrangig ist wie schon gesagt geschmack und reinigung sind f r mich am wichtigsten,vielen dank,jutta ehrenleitner auf jeden fall noch in diesem jahr,da w re super wenn da einigerma en zeitnah geschehen w rde also nicht erst in ein paar monaten ich habe eine ltere senseo die langsam den geist aufgibt und ich mir sicher bald einen kaffeevollautomaten zulegen mu wie gesagt mir ist der geschmack und die schnelle und gute reinigung am wichtigsten wenn du da dein hauptaugenmerk drauf legen w rdest w re da f r mein entscheidung eine gro e hilfe dir ein gro e lob f r deine super informativen video,sch ne maschine gibt is die auch zu gewinnen die display eignen sich ja schon fast daf r nebenher netflix oder amazon serien drauf zu gucken,eben eben eben mein lieber,wellenstrom gewinnspiele sind immer so viel arbeit netflix k nnten die dann al b ndel verkaufen
6,i like almost everything about this brewer my previous one wa a keurig 2 0 mybest kitchen and had a lot of issue this one is more basic but all the important feature are there if i had to name something i found a a negative it would be the size of the water tank i wa used to a larger one and have to fill this one daily a we drink 4 large cup every morning but it is a small thing in the grand scheme of thing,i am so happy i wa finally able to afford this lol is there anything i can use other than nutella for the hot chocolate drink,you can melt any chocolate you like and use that instead i just used nutella because it wa quick and did not require me to melt it,thank you what is the difference between soul and this machine,gud review uzair havnt seen many for it online,i got mine delivered today looking forward to my morning coffee tomorrow,mel silke thanks for your real world input i am just about to press the buy now on one of these i have seen a few comment that the milk doe not get hot enough i like hot coffee i get your pointbabout 70degs is the unit therefore capable of getting the milk nice and hot thanks,just a sec you are very welcome and thank you,mel silke great you are such a wonderful human being thank you mel for your feedback,just a sec just so you are aware hot water for coffee should not be hotter than 70 c any hotter than that and you will burn your coffee,just a sec the app work very well and it all depends on what coffee you buy i use the vittoria espresso bean perfect for me it ha temp setting so you can set it to your liking and yes you can use your app from your room and have coffee ready when you get to the kitchen i promise this machine will not disappoint,great review thank you so much,doe anyone else find the coffee are not hot enough,if you go into the setting there is an option to select how hot you want the coffee to be,clover milk you in sa,yes,i love it,finally i found an english video,exactly the issue i had ha no one in england bought one of these,i am glad you enjoyed the video d,what is price,got mine on special for r26k at hirschs,perfect,,,,,,,,,,,,,,,,,,,,,,,,,,,,,,,,,,,,,,,,,,,,,,,,,,,,,,,,,,,,,,,,,,,,,,,,,,,,,,,,,,,,,,,,,,,,
7,thank you,great video thank you so much what is the name or number of the fussil,como fa o para aumentar a luminosidade do painel digital poi nao consigo enxerga a letras,hi my delonghi primadonna esam 6600 coffee machine ha problem with heating delonghi a guy said coil problem dollar350 but i found your video it s same problem so i want try to replace sensor pls let me know how to buy the part thank you,ebay spare part or new,my machine say heating up but nothing happens can you please give me info on how to fix this issue,boiler problem,doesent work,have massage say close the door what i do,i noticed my espresso coffee is a bit too hot i have put the temp to low but still too hot also can the o ring in the frothing container cap be changed tia,hello so ive had this machine now for close to 2 year but recently it giving me an error that i need to fill up the bean container while it already filled up is this a faulty sensor or are the grounded bean not being deposited since i can hear it grinding the bean,i am pretty sure you need to replace the o ring on the piston a these swell over time and restrict the movement of the piston you will notice the coffee ground cake are not well formed when this issue occurs,try to clean inside of bean capacity and clean inside of machine very good to be like new and after can be working good beacouse sometimes sensor are faulty of rubbish stock thank is,i have primadona 6600 i checked the fuse from the steam boiler and it went into error it doe not do the test anymore it doe not move the group at all after a few minute it display the general alarm what can it be can it be reset thanks,v d a defective transistor is visible on the board,hi that can be some resistor and condenser in electronic check will be better if you will find nearest a electrician to test all electronic,hi the milk dispenser spit a lot water come out and then milk leaving a watered down coffee i have cleaned the milk jug thoroughly any idea thanks,hi can be milk pomp thx,have delonghi prima donna s all good with it but if need part where do you get them,look in ebay there is are lott,i have water accumulating in the trey every use what could be the problem,thank you,v d thanks i actually found the issue inside the heating element there wa an o ring that wa slightly torn and did not seal the water pushing through i replaced the whole piece for about dollar100 and now it work,hello that can be 1 try to descaling with good solution 2 time 2 or try to check maybe part for pusing water can be damage little bit need good inspection many thanks if some more question i am happy to help,,,,,,,,,,,,,,,,,,,,,,,,,,,,,,,,,,,,,,,,,,,,,,,,,,,,,,,,,,,,,,,,,,,,,,,,,,,,,,,,,,,,,,,,,,,
8,can i make black coffee with it,sarah o yes,,,,,,,,,,,,,,,,,,,,,,,,,,,,,,,,,,,,,,,,,,,,,,,,,,,,,,,,,,,,,,,,,,,,,,,,,,,,,,,,,,,,,,,,,,,,,,,,,,,,,,,,,,,,,,,,,
9,hallo arne ich suche nach eine gute maschine f r mein imbiss ist diese machine passt f r ein imbiss odr nur f r zuhase wenn nein bitte empfehlen sie mir welche maschine soll ich kaufen voraus danke,hallo wie kann ich die automatische ausschalten deaktivieren so das da ger t nur auf standby bleibt,w rdet ihr eher die primadonna soul oder doch eher die nivone nicr 970,meine tasse hat ca 200 ml wa sind die optimalen einstellungen f r den cappuccino und ca 250 ml latte macchiato bei mir schmeckt breites w ssrig obwohl ich die bohneneinstellung vorgenommen habe f r eure unterst tzung w re ich dankbar,ich bekomme immense kopfschmerzen wenn ich mir die ganzen verschiedenen ausf hrungen angucken mus welche ist denn die aktuellere maschine au der primadonna baureihe die elite mit 4 3tft oder die soul welche ist denn nun genau da topmodel,hallo und guten tag habe mir gestern denn delonghi soul ecam 610 75 gekauft alles super kaffee schmeckt sehr gut aber eines verwirt mich nach einen kaffee bezug la ft ein l fter ca 1 minute lang kann mir jemand sagen wa da ist da h rt man richtig laut wenn man am morgen in ruhe kaffee trinken will ich sag mal jetzt schon danke,hallo gibt e die prima donna soul auch in wei,wird aber soul ausgesprochen nicht saw,hab zur zeit eine delonghi prima donna class ecam 556 55 meinst du ein wechsel lohnt sich,bei siemens finde ich das der milchschaum enorm die temperatur reduziert da kann man latte fast auf ex trinken e darf ruhig hei sein der latte k hlt von selbst runter,wa ist der unterschied zwischen denn und de longhi ecam 610 55 sb,kann die auch brew ice kaffee,halla arne ich habe eine frage an dich ich habe den kaffeevollautomat delongie prima donna soul beim einschalten steht bei mir st ndig wasserkreislauf leer um zu starten auf ok dr cken wa ist die ursache ich freue mich auf deine antwort mfg,neue maschine 610 75 gekauft und geht nicht weil e ein schrottger t ist da problem der milchbeh lter wird nicht richtig erkannt man mus ihn gegen die maschine dr cken damit er erkannt wird nur manchmal kann man loslassen aber eine kleine ersch tterung und die erkennung schl gt fehl wenn man den verbinder au dem milchbeh lter ohne beh lter in die kaffeemaschine steckt dann funktioniert die erkennung stabil und immer der konstruktionsfehler ist also das der verbinder zu dicht am milchbeh lter ist bzw der verbinder mit milchbeh lter zu kurz f r eine sichere erkennung ist wenn ein so teures ger t so gepfuscht ist das e nicht mal am ersten tag funktioniert dann hei t da 1 keine qualit tskontrolle 2 billiger chinaschrott ist genauso gut h nde weg von delonghi,der automat funktioniert einwandfrei du hast nur einen kleinen aber entscheidenden fehler gemacht wenn man den ausschub mit dem tresterbeh lter rauszieht den beh lter leert die edelstahlabdeckung f r die wasseraufangschale entfernt um die schale zu reinigen mus man darauf achten erst die abdeckung und dann den beh lter einzusetzen macht man e andersrum sitzt die abdeckung schr g und der milchbeh lter sitzt schief der wird dann nicht erkannt ist mir n mlich auch schon passiert,ich sitze jetzt seit drei tagen vor euren video anfangs war ich etwas verwirrt bei dieser auswahl ich m chte mich erst einmal bei euch bedanken eure erkl rungen und vorf hrungen finde ich super so konnte ich bisher die richtung einschr nken und mich auf eine marke festlegen vor kurzem war ich in alkmaar und fand einen sehr sch nen laden mit italienischen espressomaschinen na da stolperten wir mal rein und bekamen eine vorf hrung verschiedener maschinen da war sehr interessant und f r mich war klar e wird eine sch ne espressomaschine zu haus angekommen war ich mir jedoch nicht mehr sicher ist ja doch ein b schen t ddelei da ich ja nicht immer zu hause bin und wir freunde handwerker oder familie zu besuch haben meine m nner tun sich dann ein b schen schwer mit dem kaffee machen also wird e ein vollautomat ich bin begeister von euch e ist heutzutage sehr selten das junge leute ihr handwerk verstehen und so unkompliziert dar ber berichten k nnen danke daf r tsch lotte,vielen dank f r da informative video ich habe eine frage mus der wasserfilter im wassertank st ndig drin bleiben also auch bei der zubereitung de kaffees,i have asked the same question to delonghi they have advised me to keep water filter all the time it is normally last 3 month or you can remove the water filter altogether and use jug filter water,wie hoch ist die maximale glash he die drunter passt,ich habe mir die primadonna soul vor ein paar tagen zugelegt und habe da problem das die bezogene milch nur lauwarm ist 50 grad gerade der latte macchiato ist fast zu kalt zum trinken die kaffeetemperatur ist bereits auf maximum gestellt ist da normal kann man die milchtemperatur irgendwo einstellen,,please do an english version i saw your written review and wa overwhelmed by your english ability so so surprised you have not done an english version live video review possibly a comparison between this the maestosa and the dinemica plus quality of taste functionality and value to price comparison and pro amp con comparison would be great thank you,tolles viedeo doch leide grosen punkt e fehlt die komplette ersteinrichtung und in betrieb nahme darum daumen runter,ich hab die maschine jetzt seit ner guten woche und ich komme nicht auf die l ftung klar sie ist nicht laut aber gut h rbar und f r sensible ohren echt unangenehm,danke f r eure video ich spiele mit dem gedanken mir einen automaten zu kaufen allerdings bin ich ein single haushalt und trinke pro tag 1 bi 2 getr nke ist da f r den vollautomaten ein problem wenn nur geringe mengen bezogen werden und ich trinke am liebsten ganz milde kaffee milch getr nke welche bohnen w rdet ihr daf r empfehlen liebe gr e,hello habe die primadonna soul 610 75 mb bei jedem sp lgang einschalten ausschalten flie t kleine menge wasser im tresterbeh lter da ist in die zweite maschiene umtausch da gleiche problem ist da normal,normalerweise schreibe ich bei influenzern nichts aber um einiges mal richtig zu stellen nun doch einmal also f hlt euch geehrt den test zur delonghi soul finde ich ehrlich gesagt v llig daneben da diese firma von euch immer so wohltuend bewertet wird hier mal meine eigenen ehrlichen erfahrungen die maschine ist optisch nicht der burner farbe aufbau alles etwas altbacken und wie vor 10 jahren da wird auch nicht vom display gerettet da gefiel mir die dinamica plus in punkto farbe und kompaktheit deutlich besser wir haben sie trotzdem gew hlt da e nach diesen test bei euch scheinbar kaum alternativen gibt die dem stand der zeit entsprechen soul die verschiedenen kaffeespezialit ten den sie produziert sind einfach nur gut milchschaum einfach super keine frage machen andere delonghis aber auch und sind deutlich g nstiger haptik bedienung geht so bi hin zu unter aller sau da gr te manko ist die mahlgradeinstellung da wa ihr hier al supercool bewertet habt die mahlgradeinstellung der soul ist nicht supercool sondern supergrottig eine stufenlose m glichkeit der einstellung stimmt auch nicht ihr habt genau 5 stufen grob und 5 stufen fein also nix stufenloses dy ist deutlich schlechter al die bisherigen 13 stufen am kleinen r dchen bei anderen delonghis da wa mit der soul abgeliefert wird nee leute da ist absolut nichts cooles dran man hat drei stufen weniger und da auch noch ganz bescheiden bedienungsunfreundlich gt ber menuf hrung de display bi man am ziel angekommen ist vergeht zeit viel mehr zeit al mit dem r dchen mir ist ein einstellrad deutlich lieber zur app u ere ich mich nicht im detail da l uft bei mir unter bodenlose unversch mtheit die konnektivit t ist unter aller sau und ich habe ein nagelneues handy also keine alte m hre beim kaffeemachen f llt mir u erst negativ auf das beim long kaffee innerhalb k rzester zeit die fehlermeldung zu fein gemahlen weniger aroma oder im einstellungsmenu den mahlgrad ndern auf dem display erscheint nach frickeliger und bedienungsunfreundlicher nderung de mahlgrads kommt die meldung schlie lich immer noch und e ist pr tt in der tasse tipp f r leidensgenossen br hgruppe reinigen ist aber nur eine momentl sung der fehler kommt mit einer gewissen zuverl ssigkeit wieder wirklich schlecht er beendet den kaffee dabei auch nicht sondern h rt mittendrin auf die bohnen sind zum teufel und bei einer nagelneuen maschine fragt man sich wirklich ob diese die 1021 euro wert ist bekannte von un haben ganz genau da gleiche problem deshalb schlie e ich einen bedauerlichen einzelfall au zur preisklasse keine beheizte tassenablage plastik noch und n cher altbackenes design eine app die einfach nur schei e funktioniert installation der wasserfilter eintauchen schr g reinlegen luft raus unglaublich der preis ist v llig berzogen man sollte den support der firma delonghi vielleicht auch noch erw hnen scheint e nicht zu geben bei influenzern vielleicht der schn de kunde darf sich aber mit nichterreichbarkeit oder ignorieren der anfrage herumschlagen nehmt viel zeit in kauf die registrierung der seriennummern f r die verl ngerte garantie funktioniert auch nicht bzw nur nach tagesform ich hab ja noch bi januar zeit summa summarum primadonna soul definitiv keine empfehlung auch wenn der kaffee hervorragend schmeckt letztendlich ist so ein ger t ein t glicher gebrauchsgegenstand der zu funktionieren hat insbesondere wenn er nagelneu ist nach zwei wochen bedauere ich e sie gekauft zu haben die dinamica plus war meine erste wahl deutlich schicker und deutlich g nstiger die war bzw ist aber leider ausverkauft und weihnachten steht vor der t r insofern stimme ich mit eurem beitrag in keinster weise berein auch wenn delonghi zu euren sponsoren geh rt da war mir hier einfach viel zu viel lobhudelei und viel zu starkes relativieren von eklatanten negativpunkten diesis ger te einzig bei diesem bean adapt humbug bin ich bei euch gerade dieser punkt versaut die komplette bedienung und einfache einstellbarkeit dieser maschine wer sich da ausgedacht hat war kein kaffee experte sondern eine marketing blimse delonghi m chte modern und hip daherkommen touchscreen tolle app da ging gr ndlich in die hose wenn sie denn wenigstens noch einen guten support h tten nee ich bereue den kauf im nachhinein frage ich mich wie ihr testet laufen die maschinen im t glichen betrieb nach einer woche konnte ich bereits sagen das da teil nichts ist zumindest nicht f r diesen preis diesis ger t ist ein blender guten kaffee k nnen andere maschinen auch und da wesentlich einfacher und g nstiger da gesamtbild mus stimmig sein und da tut e bei dieser kiste auf gar keinen fall nichts f r ungut und gru nach hamburg,hallo arne wir beziehen im b ro fast ausschlie lich da getr nk das ausgegeben wird wenn man auf kaffee dr ckt d daher die frage schmeckst du bei diesem getr nk einen qualitativen unterschied zwischen der soul und der maestosa und wenn wir schon dabei sind zwischen der maestosa und der jura z8 lg,hallo arne danke f r da video wa spricht denn gegen schwarzen kaffee au einem vollautomaten und wieso sollte er al filterkaffee au einer kaffeemaschine besser sein,hi coole video gratuliere kurze frage zur aufbewahrung de milchbeh lters de soul kann man den einfach in den k hlschrank stellen mus man da wa reinigen an der maschine nach dem verwenden de milchbeh lters danke,naturburja habs gesehen coole sache,wicked sick gerne ein tipp noch e gibt aktuell 5 jahre garantie auf die maschine man mus sie nur registrieren,danke f r die amtwort,naturbur super dann freu ich mich auf da ding,du stellst nach benutzung einfach auf clean dann sp lt der die leitung und der beh lter kann in den k hlschrank 1x woche sollte man den dann auseinanderbauen und gr ndlich sauber machen,leider hat delonghi ein ziemlich verwirrendes namensdesign kann mir jemand die unterschiede zwischen der 612 55 sb und der 610 55 sb erkl ren danke liebe gr e patrick,nach auskunft von delonghi wird mit der 0 bzw der 2 lediglich der vertriebsweg codiert die ziffern hinter dem punkt hingegen kennzeichnen ausstattungunterschiede mitgeliefertes zubeh r getr nkeoptionen,kann mal jemand testen ob die funktion hei wasser bei euch auch wasser produziert welches nach plastik riecht ist n mlich bei mir der fall und geht nicht weg,hallo arne verfolge deinen kanal schon l nger und bin auf der suche nach einem vollautomat in der preisklasse um die 1200euros ich habe zur zeit eine jura j9 3 mit der ich eigentlich zufrieden bin wenn nicht da leidige reinigungs thema mit der br hgruppe w re sie mus ein lei mahlwerk haben und schick aussehen einfach zu bedienen reinigen und nat rlich leckere getr nke zaubern,ich hab da teil jetzt ca einen monat bin sehr zufrieden,leider nicht m glich 2 getr nke gleichzeitig zu machen und leider auch keine ganze kanne m glich sonst gef llt er mir gut,hey arne kannst du bei gelegenheit mal kurz erkl ren warum du einen schwarzen kaffee au einem vollautomaten nicht empfehlen kannst,weil vollautomaten keinen kaffee im eigentlichen sinne machen sondern immer espresso dieser wird halt bei der kaffeezubereitung einfach nur langgezogen und mehr wasser durchgedr ckt,e w re toll wenn ihr die delonghi primadonna soul mit der saeco xelsis vergleicht milchschaum lautst rke usw,wichtige fragen lauter al andere delonghi vollautomaten wieviel cm darf ein glas max sein,gef llt mir sch ne video wie laut ist da mahlwerk hab momentan noch eine jura die sehr leise ist im gegensatz zu der delonghi prima donna class von meinen nachbarn,ich habe bei dem soul mahlwerk 73 6 dba maximale lautst rke gemessen,hallo arne wir stehen kurz vor einen neukauf wann kommt den da video mit den vergleich zwischen primadonna elite und primadonna soul danke im vorraus wie w re e den mal mit einen test der verschiedenen hersteller in sachen service reparatur und preisvergleiche w re mal interessant wie sich da die hersteller schlagen,wie aktiviert man die beheizte tassenablage,da frage ich mich auch gerade hast du vielleicht zwischenzeitlich eine antwort,werde mich aber trotzdem f r die ecam 556 75 m entscheiden,wa ein messer aber cooles video wie immer super erkl rt und vorgestellt weiter so,sicher besser al die meisten anderen aber auch gr er und teurer ob sie aber besseren espresso kocht ist fraglich,hallo ein sehr informatives video testest du in naher zukunft auch mal die neue jura s8 ea,huhu ich hab mir bisher noch keinen geholt spekuliere ja schon recht lange leider ist da kaum m glich mit meinem kl glichen gehalt al leiharbeiter,ein spannendes ger t bin momentan am vergleichen zwischen der delonghi und einer jura e8 s8 kannst du mir eine maschine empfehlen lg,ich habe jura und nie in meine leben,le lien ne fonctionne pa der link funktioniert nicht,e steht bean adapt am display also gehts auch ohne app,vielen dank f r den tollen ersteindruck ich wollte eigentlich bi zum release warten aber al ich gestern die primadonna class 556 75 m f r 750euros bei expert kaufen konnte habe ich zugeschlagen war auch in kurzer zeit ausverkauft bin sehr gespannt auf den vergleich zwischen den maschinen und ob ich bereue nicht auf die neue technologie gewartet zu haben ich denke allerdings da ich die soul nicht ann hernd zu dem kurs bekommen werde freue mich nun auf die kommenden video,ich liebe meine primadonna elite,ich auch bin voll und ganz zufrieden,mit der mache ich auch noch mal einen vergleich,frage al besitzer einer saeco xselsis bin begeistert von der einstellbarkeit direkt vor dem bezug f llmenge st rke etc bei der soul ist da getr nk definiert und kann nicht schnell abge ndert werden,ich mus noch mal mit der app testen aber ich glaube nicht da e w hrend de bezugs ver ndert werden kann,kann diese model chocolade oder eiscaffee vorbereitet al prima donna experience,ich glaube nicht leider kannst du auch kein r hrei machen,sehr feines ger t eine berlegung wert,danke f r den kommentar,ich w rde e gut finden wenn du bei deinen video auch auf die reinigung eingehst br hgruppe milchbeh lter etc,da mache ich noch mal in dem n chsten video danke f r den hinweis,da lobe ich mir unsere siemens eq9 diesis laute geknalle wenn die delonghi maschine nach dem mahlen arbeitet ist ja f rchterlich da klingt wie ein einsteigermodell von delonghi f r knapp ber 200euros,diese maschine hat ein elektronisches mahlwerk demnach hat ist sie da leiseste mahlwerk neben der maestosa bekannte von mir haben die schon und sond usserst begeistert die eq 9 ist zwar ein wenig leise genauso wie da ergebnis kaffee schmeckt lau kein crema kein milchschaum und man mus soviel reingen und nach 3 tassen mus tresterbeh lter entleert werden da soll siemens den fokus besser weiterhin auf waschmaschen halten,ich werde die lautst rke noch mal direkt vergleichen ich fand den kva eher leise da kommt auf dem video wegen de mikros eventuell schlecht r ber,ich f rchte mich vor kaffeevollautomaten aber die video sind immer unterhaltsam,max braun der siemens eq 9 s300 ist im innenraum komplett glatt und schnell zu reinigen ohne probleme sowie der milchbereich,wahrscheinlich weil ich au der welt der siebtr ger komme und kva s auf mich so monstr s plastikbeladen und potentiell reinigungsintensiv erscheinen mit so viel ecken und enden an denen man nicht so leicht herankommt gerade auch bei der michverarbeitung wa nat rlich eine geschmacksfrage darstellt ich wei,haha danke,lol warum wegen schimmel oder wa,ich hab ja seit 2 tagen die primadonna class 556 75 die hier vorgestellte gef llt mir super mit dem gro en display dem besser geformten schlitzen der tropfschale und einem bohnentank den man im betrieb auch einsehen kann wenn die neuen endlich wlan k nnen w re da auch eine echte verbesserung bluetooth nervt gewaltig geringe reichweite und nur ein nutzer gleichzeitig da automatische einstellen de mahlgrads sehe ich dagegen etwas kritisch wieder wa wa kaputt gehen kann oder nicht macht wa man will die milchkanne sieht auch verbessert au kann man scheinbar auch im laufenden betrieb auff llen meiner meinung nach h tten sie da mechanische drehrad am milchbeh lter abschaffen sollen und die milchreinigung einfach gemeinsam mit den anderen d sen gestartet mich nervt da getrennte sp len sehr p die vorstellung der maschine fand ich aber etwas kurz und einseitig eine nahaufnahme der maschine und den ansteckbaren teilen zubeh r f nde ich hilfreich ausstattung wird auch nie komplett erw hnt hat da teil einen funktionierenden tassenw rme aktiv passiv oder eine tassenbeleuchtung wird der wasser oder bohnenbestand elektronisch berwacht oder evtl softwareseitig berechnet wie ist die qualit t de touchdisplays aufl sung empfindlichkeit blickwinkelabh ngigkeit eine gemessene temperatur w rde auch weiterhelfen dein subjektives temperaturempfinden kann ich nicht werten du bist mir ja sympatisch und der link daneben fehlt trotzdem der hat dir ab und zu die show gestohlen fand deine b sen blicke dann immer lustig aber die technischen daten kommen immer zu kurz und sind auch im blog meistens nicht vollst ndig info ber den service der verschiedenen hersteller wie holen und bringen oder reperaturpauschalten sowie ersatzteilpreisniveau sind f r viel user wichtiger wie gef hlte unterschiede in den geschmacksnuancen du kannst deinen kanal nat rlich gestallten wie du willst da waren nur anregungen eines user,coffeeness super bin schon gespannt,mandywacker wir haben gerade ein weiters 25 minuten video aufgenommen dort kommt einiges von deinen punkten vor sicher immer noch nicht alles danke f r die hinweise da video werden wir in den n chsten tagen ver ffentlichen,coffeeness dachte ich mir schon und da hattest du ja bereits angek ndigt meine anregungen sind f r die richtige vorstellung der maschine n gedacht gewesen die beschreibung ausstattung der kva ist auf den herstellerseiten oft unvollst ndig oder falsch da w re e schon interessant wenn der tester seine subjektiven eindr cke durch ein paar gemessene werte unterst tzen w rde und etwas mehr auf die technischen detail und die wartung eingeht f r k ufer ist e z b wichtig wie lange da netzkabel ist und ob e fest installiert oder austauschbar ist ob die bohnen auch bei normal hoch installierten oberschr nken ohne probleme aufgef llt werden kann wa nat rlich auch f r den wassertank gilt bei deinen test fehlen mir oft angaben mit praxisn he nicht jeder hat eine 30 quadratmeter gro e k che mit freistehender k cheninsel etwas mehr angaben eindr cke zu den verbauten materialien und deren qualit tsanmutung sowie angaben welche teile der hersteller f r die sp lmaschine frei gibt w ren auch nicht schlecht so jetzt habe ich dich genug zugetextet sch ne we,wir machen noch ein weiters video zu dem kva mit mehr detail da war al unboxing mit test gedacht den artikel werden wir auch jetzt erst erstellen da ist auf der webseite ist noch ein platzhalte den wir erstellt haben bevor wir den soul hatten,sch ner automat bin gespannt und arne endlich wieder ohne cap gef llt mir,coffeeness hey w rdest du mir bitte helfen will meiner mutter ein geschenk machen am wichtigsten ist un latte machiato und der milchschaum ist sooo wichtig welcher kaffevollautomat hat den besten milchschaum ich w rde 3 tausend ausgeben dachte an den delonghi maestro kannst du mir bitte etwas empfehlen villeicjt gibt e ja bessere,haha ok da scheint echt ein thema zu sein dann fter ohne,hi arne wiedermal vielen dank f r s testen wa mich einmal generell wirklich interessieren w rde und f r dich sicher auch einfach zu realisieren w re w ren zwei sachen einmal bei den relevanten kva s der konkurierenden hersteller delonghi siemens jura phillips und nivoma in der gleichen preisklasse jeweils nach gleich viel bez gen der gleichen kaffeevariante espresso oder cappuccino vielleicht und einem durchschnittlichen tagesverbrauch vielleicht 6 tassen oder weniger ein paar fotos der br heinheit dort wo sich der dreck sammelt zu machen um zu vergleichen und zweitens vor allem kannst du nicht mal mit einem phonometer oder der entsprechenden handyapp die lautst rke jedes kva s messen und zwar beim mahlen und beim milchbezug beim milchbezug gleich ab dem dr cken der taste damit auch da allererste zischen mitgemessen wird und vielleicht auch beim kaffeebezug selber also bestenfalls bei einem cappuccino da hast du ja dann alle drei relevanten l rmquellen auf einmal und dann eine liste nach dezibel geordnet da w r echt mal wa neues und hammerm ssig danke arndt,gute idee da weden wir in angriff nahemen ist nat rlich schon sehr viel arbeit und bedeutet mehr kaffee f r team,,,,,,,,,,,,,,,,,,,,,,,,,,
10,czy komu si uda o si po czy z tym urz dzeniem bo ani na iphonie ani na samsungu nie uda o mi si po czy,lukasz konieczny a ekspres jest po czony z twoja sieci wifi,haziamaki u mnie niestety nie znajduje ekspresu na paru telefonach to robi em i nic nie da o,lukasz konieczny maszyna musi by po czona z domowa sieci wifi oraz tw j telefon po pobraniu aplikacji na telefon wyszuka em automatycznie maszyn w aplikacji aplikacja sama wyszukuje maszyn dost pn przez po czenie wifi i po wyszukaniu musia em potwierdzi tylko czy to ta maszyna jak wyszuka o i to wszystko,haziamaki a jak uda o si po czy,mi tak mam iphona i problemu nie mam dzia a wszystko jak nale y,witam w pani ocenie kt ry zakup b dzie lepszy delonghi ecam370 95 s dinamica plus czy de longhi primadonna soul ecam610 74 mb pytam je li chodzi o pani odczucia pozdrawiam,bardzo si ciesz to przepi kny ekspres b dzie pan zadowolony,pani agd kupiona primadonna tyle e z ko c wk 75mb jaki szczeg lnych r znic nie wyczyta em po za dzbankiem zamiast kubka w zestawie zoaczymy jak si b dzie sprawowa dzi kuj za test tego ekspresu w asciwie to po obejrzeniu teo materia u rozwia y si moje w tpliwo ci co do wyboru pozdrawiam,zawsze primadonna,d ugo si zastanawia em co kupi pomog a mi pani podj decyzj cho kosztown to mam nadziej e trafn ca y czas zastanawia y mnie te stalowe m ynki kt re uchodz pono za bardziej awaryjne do ceramicznych wszystkie modele innych firm s na ceramicznych w tym pu apie cenowym r nica powinna by ogromna do tej pory mia em phillipsa ep2220 kt ry wci jest na chodzie daj apk w g r i subskrybuje pozdrawiam,nie powiedzia bym e ceramiczne m ynki s lepsze je eli trafi nam si jakie cia o obce w kawie np kamyk patyk itp to ceramiczny m ynek p ka i jest do wymiany je eli si myl to poprawcie mnie,to wspania y ekspres gratuluj wyboru pozdrawiam pani agd,czy mog dawa mleko owsiane do spieniania,tak wiecej info,mam troszk starszy model express jak najbardziej o k ale ten dzbanek na mleko szczeg lnie jego podw jne cianki beznadziejny,gdyby pan m g w spos b bardziej merytoryczny opisa na czym polega jego beznadziejno niewiele to m wi mi i osobom czytaj cym komentarze,zakupi am expres ale nie ma kubka o kt rym pani tutaj wspomina,a ma dok adnie taki symbol ecam610 74 mb istnieje kilka wersji tego ekspresu,dzie dobry czy ekspres 610 55 sb 610 75 i 610 74 maj funkcj dzbanek kawy i kubek termiczny pozdrawiam lubi pania ogl da i s ucha,gall anonim wystarczy zadzwoni 22 123 04 00,czy uda o si pani uzyska odpowied,pani agd dzi kuj pi knie pozdrawiam serdecznie,pani beato oni maj tyle modeli e nie spos b zna wszystkich parametr w sugeruj kontakt z delonghi 22 123 04 00 oni wiedz wszystko pozdrawiam pani agd,od kiedy sam mam ekspres do kawy marki delonghi 22 360b cho ju nieco leciwy to bardzo ceni sobie t mark w r d ekspres w ju trzeci rok leci i do tej pory bezproblemowo,od wielu lat ich ekspresy goszcz na szczycie listy bestseller w bo maj bardzo dobr opini pozdrawiam pani agd,dzie dobry mam pytanie kt ry ekspres b dzie lepszy delonghi dinamica ecam 370 95 s czy mo e philip 5400 lattego pozdrawiam,trudno mi doradzi nie znam pana pani preferencji ekspresy r ni si wieloma elementami zapraszam do kontaktu na bok paniagd pl lub do skonfigurowania sobie ekspresu na mojej stronie,jak pani ocenia g o no ekspresu mam saeco incan noto przed 5 lat i jest strasznie g o ny,pani agd i tak kupi am dzi do mnie przyjdzie to si zobaczy,mielenie kawy zawsze jest g osne na szczescie to chwila moment,witam mam dylemat kt ry wybra prosz o pomoc czy delonghi ten co pani prezentuje czy saeco xelsis 7685,ja wybra abym delonghi pozdrawiam pani agd,mo e pani b dzie umia mi doradzi za nim zadzwoni na serwis express jest nowy a mleko z niego praktycznie nie leci do ownie kilka kropel i w og le nie spienia a i dzia a strasznie g o no a w filmiku wspomina pan i e jest cichy i nie wiem czy to co z moim egzemplarzem czy og lnie tak ma by,w instrukcji jest zawsze kilka wskaz wek co mo e by przyczyn gdy tak si dzieje je li to nie pomo e prosz dzwonic na serwis ja nie spotka am si z tak sytuacj pozdrawiam pani agd,szkoda ze nie mo na w nim zrobi normalnej kawy tylko pol szklanki,pani agd a nie mam poszukamy odpowiedniejszy aplilacji,machu221 ma pan zainstalowan aplikacj mo e z ni atwiej bedzie panu spersonalizowa sobie kaw,pani agd kupilem de longhi prima donna exlusiw i nigdzie nie znalaz em jedynie czarna kaw robie u ywaj c bardzo du a kawa i daje dwie szklanki to wychodzi wtedy szklanka o innych kawach typu late mozna zapomnie o pe nej szkalnce,oczywi cie e mo na coffe od 100 240 ml long od 115 250 ml americano od 70 480 ml long black od 90 480 ml nie wspominaj c dzbanka kawy i mug to go,czy w tym expresie mozna spieni mleko zeby nie bylo gorace,m b s k w tym e do spienienia mleka wykorzystuje si par wodn wi c nie da si spieni mleka bez jego podgrzania,pani agd chodzilo mi o to zeby wogole nie bylo podgrzane pij sojowe a takie podgrzane smierdzi przynajmniej dlanie,moim zdaniem mleko niegdy nie jest gor ce cz sto robi dzieciakom kakao lub z p atki z mlekiem i ono jest ciep e pozdrawiam pani agd,jaka grubo zmielenia kawy,nie bardzo rozumiem pytanie info o regulcjai stopnia zmielenia kawy na 89 stronie,szkoda e na stronie de longhi jest nie dost pny a czaj si na niego od jakiego czasu,w neonet jest dostepny,paulina rozumiem my l e brak jest przej ciowy,pani agd by mo e zada am im pytanie w tej sprawie chcia am zakupi na ich stronie poniewa maj rabat 10percent a jak dla mnie jest to spora kwota za express i mog abym po prostu zaoszcz dzi,paulina mo e nie sprzedaj tego modelu bezpo rednio tylko przez sieci handlowe prosz spojrze,pani agd nawet wchodz c z linku kt ry tutaj pani wstawi a nie ma opcji dodaj do koszyka jak przy innych modelach znalaz am na innej stronie ale na delonghi nie mo na kupi,w a nie planuj zakup ekspresu do kawy i bardzo podoba mi si ten model ciekaw jednak jestem jak ten model wychodzi w por wnaniu z philip 5400 lattego kt ry zdaje si oferowa podobne funkcje a jest znacz co ta szy co wybra czy warto wyda wi cej na de longhi,philip nie dorownuje delonghi,ja wola abym delonghi nie musi to byc model z filmu mo e si pan si zdecydowa na ecam 350 55 troch ubozszy model ale kaw parzy tak samo pyszn podsy am artyku o bestsellerach 2020,szkoda ze m ynek nie arnowy,a to nie wszystkie ekspresy ci nieniowe maj m ynek arnowy,bardzo dopasiony model jak do tej pory uda o mi si go sprzeda tylko raz cena jednak dosy zaporowa dla wielu klient w i jednak przy tych wy szych kwotach cz sto proponuj im ekspresy marki jura z delonghi fajnie sprzedaje mi si teraz model 550 55 w jest dosy elegancki cena przyst pna po raz kolejny napisz e uwielbiam pani s ucha totalny brak be kotu ksi kowego wszystko swoimi s owami co bardzo ceni sam posiadam ekspres siemens eq 6 gdy nie przepadam za pojemnikami na mleko systemy z rurk bardziej mi le ale ka dy ma swoje upodobania baaaaardzo pozdrawiam a jestem ciekaw co w nast pnym filmie pani przetestuje super tematem by oby por wnanie zmywarek z poszczeg lnymi wspomagaczami domywania naczy jak np system powerclean w whirlpoolu dysza satelitarna w electroluxie czy ramus aquaintense w beko my l e fajnie by to pani przedstawi a,dzi kuj za komentarz oczywi cie fajnie by oby robi r ne testy ale niestety do tego celu potrzebne jest studio bo w moim mieszkaniu robi si ju graciarnia jak pan si domy la niekt re firmy nie s w og le zainteresowane wsp prac to te bardzo mnie ogranicza mo e rosn ca ilo subskrybcji ich kiedy przekona a ja w tym czasie zorganizuje sobie jakie lokum do kr cenia film w kto wie pozdrawiam pani agd,super film pozdrawiam serdecznie panom,dzi kuj bardzo i pozdrawiam serdecznie pani agd,widze e zgubi a pani kilka kg,z udzenie optyczne zim zawsze gromadz pozdrawiam pani agd,jak zwykle swietne omowienie i przekazanie informacji o sprzecie jak zykle poleciala lapka do gory,dzi kuj bardzo i pozdrawiam serdecznie pani agd,osobi cie odradzam wszystkie ekspresy kt re maj takie dzbanki na mleko mam saeco z takim rozwi zaniem i jest to ma o higieniczne a mycie go jest dosy uci liwe,arkasza2007 nie wiem skad ma sie takie informacje powiedzmy wprost nie ma czegos takiego jak samoczyszczacy sie ekspres czy karafka czy np jura tez trzeba rozebrac wlewke i wyczyscic czesc od mleka,arkasza2007 wszystkie elementy kt re bior udzia w spienianiu mleka mo na wyczy ci automatycznie po ka dym przygotowaniu kawy mlecznej wystarczy przekr ci pokr t o na clean potem chowam karafk do lod wki rozbieranie na cz ci pierwsze trwa kilka sekund i nie robi sie tego codziennie pozdrawiam pani agd,pani agd ale t karafk trzeba niestety rozk ada na cz ci wi c czyszczenie takie super proste super proste czyszczenie systemu mleka jest w przypadku karafki ekspresu philip lattego sk adaj cego si z dw ch cz ci i system w pobierania mleka przez rurk jakie s w ekspresach jura krups siemens itd,benjamin walker no tak nie ka dy ma zmywark ale pojemnik dobrze myje sie nawet r cznie nie ma tam adnych zakamark w naro niki sa atwo dost pne nawet przy pomocy zwyk ej g bki,pani agd jak si ma zmywark tylko przy takim myciu w zmywarce te trzeba si liczy i plastik niestety zmatowieje,m g by mie ci nienie nawet 100 bar w i nie mia oby to znaczenia do utworzenia kremy potrzeba 9 2 bara wi c czy ekspres b dzie mie 12 15 czy 19 albo zylion bar w nie zmieni to nic w jako ci naparu to tylko warunek kt ry musi by spe niony,arkasza2007 niekoniecznie bo nie jestem w stanie fizycznie zmieli kaw i w r wnie szybki czasie co ekspres automatyczny wytworzy nap j kawowy,ronnie pickering prawid owo parzone espresso jest przy 9 10 barach i ekstrakcja 30 ml powinna trwa 25 sekund aden ekspres automatyczny nigdy nie b dzie w stanie zrobi tak dobrego espresso jak ekspres kolbowy baristyczny z profesjonalnym osobnym m ynkiem kt ry b dzie kosztowa tyle co ten ca y ekspres delonghi a pompa 19 barowa ewentualnie b dzie troch cichsza ni 15 barowa gdzie i tak najg o niejszym elementem ka dego ekspresu b dzie m ynek,ronnie pickering lepszy aromat zale y od ci nienia co to za rodzaj fizyko chemii statyczna warto ci nienia nie ma znaczenia bo przep yw tak samo obmywa zmielone ziarno co wynika z mechaniki p yn w je eli chce si wydoby jak najwiecej kawy z kawy to jej ekstrakcja musi by pulsacyjna czyli wytworzy przep yw turbulentny by wtr ci jak najwiecej kawy z kawy poprzez uderzenia przep ywaj c wod nie potrafi fizycznie wyja ni r nicy pomi dzy r nic ci nie 19 a 15 bar w ale je eli dla pana jest znana to prosz powiedzie,mateusz otto przy 19 barach masz lepszy aromat espresso bo proces trwa kr cej ni przy 15 i tym samym woda ma kr tsza styczno z ziarnem,pani agd bo to dobrze brzmi i jak zreszt wida dzia a na pod wiadomo w obwodzie s straty ci nienia zatem 15 bar to bezpieczna warto,uwielbiam pani ogl da i s ucha,pani agd planujemy kupi ekspres jeste my zdecydowani na firme delonghi ale zale y nam aby mia dotykowy du y ekran oraz pojemnik na mleko najbardziej wizualnie spodoba si nam ze wzgl du na ekran delonghi primadonna soul ale zastanawiam si tez np nad delonghi primadonna elite czy delonghi primadonna class kt ry zn ich wybra czy mo e jest co jeszcze ciekawego czy ten soul rzeczywi cie ma najwi kszy i najbardziej poka ny ekran,anna wiszniewska super niech dobrze pani s u y,pani agd dzi ki pani kupi am suszark electrolux miesi c temu bardzo dzi kuj,o jak mi mi o pozdrawiam serdecznie pani agd,e spoko ekspres ja mam z biedry i sie popsu p k a rurka od wody,ronnie pickering u mnie jest tak samo z siemensem 10 lat ju go mam w domu i chodzi jak nowy,jak eskpres to tylko de longhi mam kolbowy p automat i nie zepsu si ju od 9 5 roku prima donna ma cene zaporow ale nie ukrywam e kiedy spe nie to marzenie,je li lubi pan kaw sugeruj zainwestowa w lepszy sprz t pozdrawiam serdecznie pani agd,polecam mam taki,dobry wyb r,,,,,,,,,,,,,,,,,,,,,,,,,,,
11,danke du hast mir sehr geholfen,tolles ger t wa erfindergeist nicht alles m glich macht,vorgemahlener kaffee nicht l slicher kaffe,,wie entkalkt man diese maschine,k nntest du mir noch bitte sagen wieviel wasser der tank ungef hr fasst,1 8 liter,hallo ich delonghi primadonna 6600 und nicht testen bewegt die gruppe nicht erscheint penecran allgemeinen fehler wie pit reset motherboard vielen dank,siehst s s au,wir tun da wasser rein armes deutschland,ich w rde eine video kurs machen bevor ich einen video drehe verwende ein stativ,tolles video total s wie die alles vorzeigt sehr authentisch,danke,porque fa o caffe muinto curto,,,,,,,,,,,,,,,,,,,,,,,,,,,,,,,,,,,,,,,,,,,,,,,,,,,,,,,,,,,,,,,,,,,,,,,,,,,,,,,,,,,,,,,,,,,,,,,,,,,,,
12,,,,llenar deposito,,,,,,,,,,,,550 75,,,extra strong,,,,,,,,usehead ru remont kofemashin krups,6600 6620,,30 40 25 35,saeco picobaristo hd8928 09 delonghi primadonna s,,saeco royal professional,,,milchreiniger,,,delonghi esam6904 m,bitte entkalken,,delonghi esam etam,5500,,,6600 5500,5500,5500 6600,,,,4,,,,,vladimir yatsko,5500,kava club,,,1percent 80percent 20percent,,,6700,saeco,,,,,,,,,,,,,,,,,,,,,,,,,,,,,,,,,,,,,,,,,,,,,,,,,
13,what do you think if such device should still be refurbished or is that just a waste of time and money please let me know what you think of this in the comment below,myworks oooo to w takim razie inz delonghi nie popisali si tutaj,piotrk2022 no niestety w tym modelu to nie takie proste problem by tam taki e panele steruj ce wysiada y pod wp ywem wilgoci spieniacz mleka jest za ka dym razem czysczony par co generuje wilgo bez ko ca s fachowcy kt rzy wymieniaj matryce ale to ju nie to samo jako nie lubi prowizorek aktualne maaszyny czyszcz tylko gor c wod i nie maj ju tego problemu,myworks przypomnia em sobie jeszcze e mia em kiedy taki przypadek e nie dzia a w esam3200 przycisk i powodzem by y skorodowane luty i tak sobie pomy la em e zrobi e b d e nie rozmontowa e tego uszkodzonego front panelu by mo e zebranie cyny i po o enie nowej by za atwi o temat bo po prostu cyna si zdegradowa a ze staro ci i przesta a przewodzi,refurb if you can buy oem part at a fair price,i just found one one the side of the road hardly been used found a little dirt and a cut power lead replaced and also found grinder assembly sized just ordered a new one work fine now righttorepair,amazing restoration i am wondering do you know why the longhi sound so loud,diana the spindle must be greased unfortunately you can not see it on the video but no oil preferably food safe grease like this one,myworks the part between minute 16 00 and 16 50 that hard plastic part,myworks pffff all the time when is turning on when start the grinding process the pumping out the water too and when is turning off i thought that i need to put some sort of grease fat between the heart and the plastic infront of the motor like light cream yellowish plastic but after watching your video i am not sure any more cause you did not put any oil or something between those part,diana when is the coffee maker loud when grinding the coffee or pumping the water,cze co myslisz o odkamienianiu ekspresu rodkiem destoner clinex,witam napewno b dzie dobry jednak by bym ostro ny z dozowaniem to mocny rodek do u dle gastronomicznych nie polecam do urz dze marki saeko starszej generacji,da is schon hardcore wie eine maschine von 2008 in dem zustand ist die ist einfach nie gepflegt worden bi zu viel kaputt war ich habe eine delonghi esam 5600 von 2013 und die sieht bei weitem besser au ich pflege sie aber auch regelm ig gute arbeit auf jeden fall super ergebnis aber wa meintest du mit upgrade der pumpe da sie leiser ist die h rt zum schluss wirklich sehr leise an wie hast du da angestellt,samy g in meinem anderen video kannst du sehen welche teile verbaut werden m ssen um die pumpe leise zu machen,hi great video and great job i have the same machine and have been using it for year but problem have started to appear and i am thinking of leaving it in reserve can you advise me how i can conservate it properly,myworks thanks a lot,it definitely will not break if it is not used for a long time however you should make sure that the machine is not exposed to frost,myworks thanks for the fast answer the problem are many and i guess the machine need repair like the one in your video some time ago i changed the infuser ordered a new one from ebay thinking that there were problem but it turned out that there were others the piston tightened constantly i changed the ring and after a week of work started again with these problem i guess the problem is complete and i decided to take a new one and leave this one a a reserve because i am addicted to good coffee i am cleaning it right now and i am thinking of putting it somewhere i wonder if it doe not work for a long time if there will not be a problem,asen filev hi what problem do you have there are essentially three main point about delonghi coffee machine that i always revise first the transsmision the upper brewing piston and the brewing unit all part of these component should be cleaned greased and all seal replaced you can also repair or replace the water pump,good job i recently repaired my espresso machine a magnifica delonghi fast cappuccino the interior is the same they only changed the control panel the gasket were not properly placed at the connection with the boiler the spacer must be in the middle of them,at mine the gasket were mounted on either side of the spacer and there were no leak,johnny nutu i am glad you liked my video do you mean the spacer in min 18 14 i have to check that out hm in newer model from delonghi there are the two seal in one piece that would mean that they have to be together,i have a delonghi prima donna when it go through the cycle very little or no water is being pushed through the coffee disc to the spout occasionally it push a tiny slow amount but make a lot of noise when the coffee disc is discharged into to coffee ground container it is dry and break into ground coffee what is the issue and where do i start,turn out it wa the pump bought a new one on amazon gbp18 and thanks to your video i replaced it myself can only imagine what de longhi would have charged thank you,first you need to check the grind setting to make sure the coffee powder is not ground too finely i made another video on this topic min 8 26 in the next step i would check the water pump,der schaum wird ja sagenhaft gut bei der maschine,i do not think it is a waste of anything you restore the machine with ambition challenge and may be a bit of love and you showed how you do it to u which we enjoy greatly that is no money can compare right in the end the machine is a gem it is so beautiful and now almost unique,myworks 14 54 o te w a nie taki kupk plastiku mia em i tam od do u przy rubie w a nie mia em wytarte,myworks faktycznie m j b d potem jak si przyjrza em lepiej zwr ci em uwag e to smar,piotr hm tam nie by o plastiku jedynie stwardnia y smar po oczyszczeniu by a czarna cz w ca o ci przynajmniej nie zauwa y em brak w musz przy okazji sprawdzi narazie maszynka chodzi picobello,myworks 9 23 ty brutalu wiesz gdzie zrobi e b d nigdy nie ci gnie si jednostajnie jak ruba nie idzie w tym momencie trzeba pulsacyjnie naciska i odpuszcza i ona wtedy powoli zacznie odpuszcza chyba e na gwincie ju bry ka rdzy si zrobi a i zasklepi o na amen ja wczoraj przerabia em to samo bo jak na z o po serwisie nap du p niej zwr ci em uwag e t okiem ulatuje para jak w czam spieniacz ja akurat by em tak zdeterminowany e upar em si i szmat odkr ci em u mnie by o jak pod sp d podej przez rurk wd40 wi c zacz em to podlewa i po jakiej godzinie napieprzenia m otkiem podgrzewania i szarpania ab i kombinerkami uda o mi si j poluzowa nast pnym razem zobacz czy daje si dokr ci czyli dokr j i spr buj poluzowa je eli p jdzie to kilogramowy m otek i trzeba porz dnie naparza do skutku i w ko cu pu ci pr buj c przez ab rozrusza j dokr ca i odkr caj ile si da bez sensu potem to rozwierca i gwintowa czy robi byd o i skr ca na jedn rubk moim zdaniem ja w a nie tak robi em e uderza em po 20 razy m otkiem podgrzewa em i wtedy pr bowa em w ten spos b e z czuciem stara em si j poci gn dalej cofa em dokr caj c do oporu i znowu odkr ca em i t technik zauwa y em e coraz l ej si obraca i w ko cu si podda a ja osobi cie si nie podda em poniewa mia em taki przypadek gdzie ruba si zapiek a i wd40 i do spora grzechotka nie da y rady tata to wrzuci do nafty pomoczy tydzie zawi z do swojego kolegi kt ry ma warsztat lusarki przywali par na cie razy m otkiem i si odkr ci o sam powiedzia e nafta czy wd40 jak nie pomaga to trzeba ci kim m otkiem porz dnie pierdolna par par na cie razy i w zdecydowanie ilo ci wypadk w to pomaga ja sam nie jedn zaci gni t rubk w ten spos b odkr ci em ju chcia em przewierca ale pomy la em o m otku przywali em porz dnie 5 razy i tak mocno si obluzowa a e jakbym mia jak z apa to bym palcami wykr ci bez u ywania si y,myworks pewnie e tak porz dne wiert o wiertarka i p jdzie,piotr nie chcia em u y mlotka bo cz ci s z aluminium i mog p kn poza tym mia em jeszcze zapas w lepszym stanie z drugiej maszyny spr buje ten bojler jeszcze kiedy naprawi my l e powinno si uda,your sharing is very good and practical for me and everyone please make more meaningful video thanks,the new magnifica are junk keep refurbing the older model my new 4200s only lasted 2 year before failing just out of warranty it ha had 5 fault which i have repaired and it getting too costly to repair it i wilkl never buy another delonghi again,adem you are right the model 4200s wa not the best unfortunately the coffee machine are all broken at the latest after 10 15 k cup no matter which manufacturer,ogl daj c ten film przez chwil poczu em si jak na stole operacyjnym u chirurga dobra robota,the video is worth the cost thanks for posting,hi where do you order spare part from,myworks thank you,i buy the spare part from online shop like this one or from ebay and amazon,hello vor paar wochen hat sich meine delonghi ecam 22 320 wieder mit einen knall verabschiedet und mein versuch die elektronik zu reparieren wa vor 3 jahren mir gelang al ich die 3 4 anf llige teile auf die platine ersetzt habe schlug diesmal fehl ich habe eine neue elektronik board bestellt meine original war mit kennzeichnung 5213215501 sw 1 0 versehen und die neue mit 5213216621 sw 1 1 beschrieben aber jeder shop welche e anbietet bezeichnet die beide platinen al identisch und geeignet f r die ecam 22 320 nach dem einsetzen konnte ich die maschine sofort einschalten schien alles i o zu sein aber ich wei nicht warum aber wenn ich eine tasse kaffe w hle egal ob espresso oder grosse tasse die maschine nach dem mahlen f ngt an sofort wieder zu m hlen und w hrend der kaffeezubereitung mahlt wiederholt 3 4 mal e wird zwar die tasse kaffe ausgegeben aber die andere 4 5 portionen gemahlenen kaffe f llt unverbraucht z t hinter und z t in den kaffesatzbeh lter der maschine herunter jetzt habe ich festgestellt wenn ich der heisswasserknopf drehe sofort beginnt der mahlwerk zu mahlen w hren da heisses wasser ausgegeben wird wa k nnte die ursache sein e ist eher software oder liegt eher eine mechanische defekt vor wie z b antriebsproblem bzw die br hgruppe f hrt nicht in die richtige position ich hoffe du kannst mir weiterhelfen mfg,myworks danke f r deine unterst tzung ich habe der fehler gefunden der mahlwerk hat zwei identische schwarze kabelleitung und ich habe diese 2 verwechselt und falsch angeschlossen jetzt ist alles perfekt,atidrummer sorry da wei ich leider nicht ich denke auch das irgend etwas die elektronik kaputt macht w rde aber den antrieb bzw die br hgruppe ausschlie en bei diesem modell hatte ich einmal probleme mit der feuchtigkeit im bedienteil deine fehlerbeschreibung ist aber f r mich neu,myworksja die maschine hat e nach dem einschalten zwar auf italienisch so angezeigt ich bin so vorgegangen k nnte der triac ty3 defekt sein,hallo mit elektronik kenne ich mich leider nicht au aber habe etwas von eine prozedur nach dem tausch der platine gelesen erste inbetriebnahme nach platinentausch steht bei bnd shop unter der artikelbeschreibung hast du da auch bei dir gemacht,thank you that there is no annoying music playing with these wonderfully great video and that there is always such a pleasantly conscious silence while working danke da bei diesen wunderbaren grandiosen video keine nervt tende musik l uft und immer eine so wohltuende beruhigende stille beim arbeiten herrscht,peter stehlig vielen dank ja ich mag e auch etwas ruhiger,beautiful video great work myworks keep em coming,well done again and again the same problem with the delonghis but i think it is always worth repairing them also because of the sustainability and it is not really difficult either and almost all of them have spare part but you have to make sure that the delonghi code on the control panel is the same,wa the thermal block from esam 2009 restorable consider leaking from inside and corrosion all over the place that is a lot of work,checkwhatsleft i will restore the esam 2009 heater i think it will work after repair good,,witaj chcia bym zaczerpn opinii odno nie chromowanych element w taka podstawka na fili ank czy pomalowanie jej farba chromowana w spreyu daje dobry efekt masz z tym precedensem do wiadczenie dzieki,raczej nie poleca bym takiej metody te spraye w chromie nie wygl daj tak jak na opisie s raczej szare i farba szybko sie ciera jak ju to ewentualnie malowanie proszkowe lub polerka,jak mozna tak zaniedbac ekspres brud smrod higieniczna kawa o cieknacy bojler dopelnil dziela ale efekt koncowy warto bylo poswiecic moje pol godziny pozdrawiam,coffeemachines poslie vriemieni vcio polamajetsja nada prosta zrazu dielatc,,thank you,happy to see how simple these are once you break them down excited to get my part and finish cleaning and fixing one i found,i am not letting my esam 6600 die peacefully for year 30k coffee and counting heater died generator clogged orings leaked pump leaked and died with some transistor grinder clogged i fixed every problem i think these machine are quite repairable once you figure out how do they work also fixing them is quite fun great video btw i would kill a teardown video like this year ago instead i took countless photo before disassembling,maybe one of the solenoid valve is broken,anyidea where to start with esam 6600 not giving milk it spit it from time to time with a lot of steam i have changed the plastic valve that the milk jug connects to changed the milk jug descaled it and no joy,,,,,,,,,,,,,,,,,,,,,,,,,,,,,,,,,,,,,,,,,,,,,,,,,,,
14,can tell she really enjoys her job,one of the greatest coffee machine out there for sure,i have it a well but sometimes i do not feel that it is worth dollar3k especially the milk box thing the design is mediocre really difficult to fully deep clean also when it make two shot it only us like 30percent more coffee ground the taste will not be a strong,is it a nice a a semi automatic a far a quality of drink,my wife and i are absolutely happy with this machine we purchased it at ec coffee burlington from tamara,jay g absolutely this our third been to coffee machine my wife and i owned it the past 20 year and it is for sure our favourite one,and do you still like it,,,,,,,,,,,,,,,,,,,,,,,,,,,,,,,,,,,,,,,,,,,,,,,,,,,,,,,,,,,,,,,,,,,,,,,,,,,,,,,,,,,,,,,,,,,,,,,,,,,,,,,,,,,,
15,,,,,,,,,,,,,,,,,,,,,,,,,,,,,,,,,,,,,,,,,,,,,,,,,,,,,,,,,,,,,,,,,,,,,,,,,,,,,,,,,,,,,,,,,,,,,,,,,,,,,,,,,,,,,,,,,,,
16,did you have to get someone to demo it,yup,nice dream coffee maker ko na din yan coffeelover,thanks krista buy na din kayo super worth it talaga,doe the cup warmer function doe it warm cup or just hold them,my tray is not warm what can ido your coffee maker ha a passive keep warm tray to maximise the energy efficiency of your machine it make use of the heat that is generated internally whilst in use the longer the coffee maker is on for the more heat will be retained,alfred and cheens i bought one recently but it doe not warm cup that cup holder just stay cold until after it make 10 or more coffee then it get slightly warm,hi yes it can warm cup,coffee lover,same here thanks for watching rain,miss the cortado coffee i must say it is the best i had,a let is have coffee soon,sana all meron na coffee machine baka naman po haha,ahahaha thanks for watching disney,,thanks for watching marc,,thanks for watching hazel,now i am craving for a latte at this hour can you deliver here haha,sure hahaha san ko pwede padeliver anyway thanks for watching,we are talking serious coffee here amazing purchase galing ng function and coffee option congrats alfred and cheens aabangan ko pala yun chukoy is coffee blend,a yes madaming feature and different type of coffee drink ahahaha yes abangan ang chukoy is blend anyway thanks for watching,done watching miss you ma am sir stay safe and god bless more vidio to come,we miss u too thanks for watching stay safe amp god bless u too,a day in the life video review video haul,soooonnnn,whoa ang ganda niya you can indeed enjoy your coffee experience with minimal user effort required,a yes that is right super easy to use anyway thanks for watching belle,first,,,,,,,,,,,,,,,,,,,,,,,,,,,,,,,,,,,,,,,,,,,,,,,,,,,,,,,,,,,,,,,,,,,,,,,,,,,,,,,,,,,,,,
